Pathway,Targets,MeanScore,SD
cytokine_signaling,15,0.4737893843121357,0.08458986050654964
coagulation_fibrinolysis,9,0.40612190513081653,0.03263874382002595
endothelial_barrier,8,0.4028597930180666,0.05380572080676126
platelet_activation,6,0.3977680030229666,0.01840452393091875
neurological_barrier,7,0.3345069384321778,0.05082499047005975
oxidative_stress,5,0.33108113534329425,0.06597778811577255
